file_26.txt,1017.3001093 1325.65891044 1237.16506733 944.852282525 1149.60224351 1607.82390836 1302.4710362 141.895007854 113.766761998 110.833842111 140.448207114 114.864978824 127.540155774 148.16366102
file_42.txt,250.119263755 211.321890958 99.8843457454 900.575476421 210.023019198 190.085456757 177.966879488 86.9675218214 66.7857881487 51.1052119391 98.2185581997 66.795973374 73.3710107854 141.339345083
file_144.txt,725.049261046 504.129969479 470.06252398 832.520681497 833.03779441 870.079678115 1383.07915416 114.528031306 99.7702430928 85.1363731018 115.348869246 102.95969609 113.317164578 121.871267188
file_96.txt,508.897133543 281.923719653 287.489064378 522.014612871 267.558229907 525.936092991 514.647116687 99.0061479122 81.6331300649 75.3999932078 98.5043166525 82.772317012 116.320203689 100.581504051
file_58.txt,307.297174954 185.109902519 206.209325282 284.2449511 178.204075639 222.062033225 361.620867216 107.434651998 66.6249158451 63.955713786 76.2179128445 69.4810493302 77.4898159257 100.059008404
file_124.txt,140.010615336 140.509152121 143.282151272 156.794802805 125.847667364 81.8895076351 230.546798463 58.3501880236 48.8504973341 44.2135334762 52.5197894467 45.5013197509 43.6143922027 58.3139469786
file_93.txt,436.833012292 341.308246779 145.504977603 87.5484686679 182.791815615 239.521252257 378.621723898 79.0544054585 77.8444064118 55.0919989684 78.6386841317 58.1857020016 76.3310354241 78.7705874063
file_172.txt,1038.37756242 836.927122773 603.446686589 677.131650965 568.173162286 1080.71428096 614.264258551 186.625318643 100.489119774 97.8696590799 113.694824804 88.7848658218 118.430953718 125.573286445
file_117.txt,175.847337754 141.580583999 122.496452013 347.912855233 172.664886767 116.237805885 69.0594555766 72.8567226963 52.3477575689 52.3876115428 67.7071940619 58.4714793185 60.0979065155 94.9766973759
file_174.txt,232.605870397 251.763092549 369.746167225 243.600144265 369.547967126 173.030448808 145.915075588 75.6584130482 66.8314618371 80.778425015 73.7872278996 81.4882492686 66.6460914144 68.6445519035
file_51.txt,294.988781604 384.81602007 502.127711567 575.598315194 374.267569666 412.473261452 635.279177516 102.247532951 121.275086211 93.6581034449 110.975626362 93.6015640325 100.087027134 116.039744873
file_38.txt,1332.97708667 706.474629946 1125.80387499 1571.12907078 810.69582384 1608.3435293 1075.50173324 171.626203606 111.898439501 119.939358755 140.469974203 113.55045063 141.184071915 167.981768469
file_139.txt,539.007410588 339.053932464 81.6373407627 561.490504778 316.221977377 256.479962518 408.045075898 96.1939481818 76.0307319834 75.6116901062 90.5464224138 74.2581990663 80.8904889907 87.4668547433
file_109.txt,884.847856848 1138.80803289 559.105417691 1647.29985141 686.922123457 1112.61030075 1936.42009434 217.749641401 123.795048813 98.9501047784 142.334391722 107.534059131 129.025175958 157.901719269
file_56.txt,688.994756726 778.276904259 588.219531402 820.361695453 435.536885535 774.060465568 419.959228891 101.043225469 87.0891859815 86.7350867874 95.9443693298 100.446988755 91.9203732888 92.5269671577
file_132.txt,126.266989799 189.587213055 86.5726382955 163.840062074 178.900146636 191.840298972 187.468922052 56.1839344599 54.6347461842 65.4411493679 54.067453645 83.6849749134 64.0672780461 63.2067201328
file_163.txt,61.0035672689 51.6453184913 95.5499504256 149.238882405 61.0733345684 143.518689292 71.3625496055 52.3965598644 36.6006230984 39.4194945156 50.1495344023 43.9985752115 56.8668885162 53.7503777662
file_103.txt,853.389440679 708.827112748 868.06894297 1673.99831633 664.780813538 522.623801922 956.35214484 110.226396987 93.7911414242 111.576179676 121.943156249 95.1634487013 91.3757433868 111.794046974
file_112.txt,174.957508517 91.4879719266 89.2404523032 119.34212398 94.0789188766 104.530406147 110.238940695 61.3519261083 46.6417746973 53.9709179009 50.0605984158 48.681966873 48.1651394982 55.8356306727
file_164.txt,688.93113935 1223.39572108 1130.88866401 1382.17021284 1177.10641526 1443.84123294 1238.177944 146.065780249 148.435021408 116.836558856 163.789885668 122.207591408 172.767561298 141.157324967
file_19.txt,826.500015471 1163.33160817 569.806049891 933.329693002 677.85898768 961.312651224 787.382541638 114.97424001 94.0078759251 81.0214013779 104.188813006 85.0607137972 105.047946963 96.2264552829
file_206.txt,122.474945142 309.290625702 81.862799527 219.083588122 218.966942291 216.763707989 129.020341457 66.0775028537 66.3790974382 85.353476006 68.2226169984 66.1389805144 59.6055147026 59.9340115431
file_36.txt,225.672765854 96.6534780765 176.893755803 397.597110851 182.6001955 170.112734466 192.791003345 82.6268255997 62.3961447314 76.9786395753 99.7619733654 82.0132742161 87.4620968631 114.368841097
file_84.txt,3080.36637986 421.407711368 560.539964172 3458.48520381 468.399490933 982.958756282 1608.32743636 108.00795257 87.9333157704 68.3628589615 122.265336769 69.889024749 90.0629854422 112.318586338
file_86.txt,308.703446421 365.620802569 61.7557330961 212.37126652 86.4922302115 155.675227098 166.75959517 76.8512227499 94.3717028462 49.066472538 73.9731459121 49.217978139 69.8050524706 67.135687988
file_90.txt,54.8296929755 49.9027173792 93.7774203712 61.2606774895 50.9818393473 49.6110161367 49.5087426671 45.4240923544 35.0878544339 41.1921171586 38.9891472798 37.4991088297 36.2235774779 41.3200618765
file_248.txt,441.013118098 310.311065551 739.528896194 553.881668798 309.923752883 360.848746836 314.063829236 100.563204374 88.3358474935 91.6838965649 171.23110677 82.143377416 94.3560148427 107.341096504
file_238.txt,1166.49894685 402.529932725 429.559321044 1524.03985277 430.038396878 424.275739387 1575.00704813 112.472166479 109.561214389 79.5365782668 121.613602024 99.0133018952 97.2519639332 130.374394195
file_35.txt,937.774517946 530.739833519 387.663478736 531.334458639 504.516212507 452.085274882 724.385234698 152.068454667 104.151797089 91.6600490497 101.955453902 85.8935045103 100.485446328 140.27669187
file_1.txt,293.013032786 102.136769205 259.874128345 241.105772419 98.4180767909 593.939012533 176.287453956 74.2819446366 47.4100621143 54.9671271693 61.3379650876 48.490309414 83.5770589879 63.1163532944
file_171.txt,321.033331016 247.582783459 258.333084863 288.916094191 564.642097929 515.403506081 459.847525397 104.79416649 65.1136450829 65.6751609559 71.6337275932 73.8722911403 74.4694746452 98.5545947695
file_225.txt,267.152596268 487.499390544 343.372891542 516.645308287 329.978902601 359.287359196 151.004648011 109.066865441 78.1975768163 72.9694539393 92.8691712804 82.309952166 90.7063318172 114.764425407
file_30.txt,403.754704653 545.978592848 284.277821032 782.363929972 448.693922723 601.289994487 522.900006756 87.4296309074 82.4384401932 65.1140783281 131.957248964 76.0342279068 83.7926043745 88.4961326666
file_66.txt,953.464928469 522.883854495 753.760980387 659.022379817 837.350435108 1620.7288617 1009.28633054 138.189145541 95.7558323564 104.810063111 103.514738228 103.244848486 135.519506851 138.528480861
file_27.txt,853.009908828 4589.3869005 2873.82163698 1614.9025863 2364.80075767 824.697710246 2262.75436023 131.321982129 141.22049827 133.378402439 130.671204352 118.304370231 130.997238921 130.524886322
file_187.txt,924.311329888 820.050187066 525.471841714 1575.40531217 1055.11785619 909.9650369 881.52049312 135.856899599 104.959529191 89.3886024839 154.640361407 103.301352292 115.017469434 123.087747577
file_79.txt,149.490158249 380.986222027 398.394923742 1032.83106906 624.870412255 229.341877954 685.236557484 84.3080029721 92.8956196163 83.9980929354 117.615713807 86.3811541318 85.0700260943 115.707576592
file_191.txt,1419.45943348 625.029317496 708.449631779 955.753597411 749.459254243 814.970223333 1122.4361035 124.830077022 98.4813929013 88.0707299875 126.405815226 91.6308702977 107.816147713 122.485780784
file_161.txt,387.412215859 135.97763904 163.083980783 79.8027274699 404.787725597 117.645013331 388.620328284 94.4903225872 57.6173243093 55.9122364144 49.7029403953 52.7006465478 49.5802947293 57.6697557531
file_167.txt,686.664727661 269.170025783 302.345622986 350.632515773 296.317599184 377.868399727 372.150690087 124.55396231 67.8974515601 76.8785174954 84.0376837125 84.1026819192 91.4786008664 116.385332971
file_134.txt,894.598374298 216.505276936 667.992423846 588.862476277 135.526380127 516.560190059 247.571799563 107.521578172 69.9491123537 77.2454185953 70.832659618 71.3412680841 82.4499509639 86.9865158075
file_149.txt,271.854513289 266.74804453 171.561333793 302.618800686 212.432384181 319.839338498 324.521033322 76.0290594686 72.911016169 56.982170435 75.8545343679 69.0853340575 89.2181582034 91.2655941932
file_204.txt,307.85996543 374.994716207 217.134866732 354.221760038 515.723942179 280.005265252 213.50885099 84.6798251568 72.7121404983 81.6780138715 79.6458885757 75.3445907374 80.1711778385 78.9146506048
file_131.txt,319.326034222 285.586278697 314.38111197 505.708905542 111.832269152 239.147088549 273.232876403 83.6405931527 74.1557348028 70.8722176324 84.7533232532 59.8869090426 71.3108270337 74.9667464922
file_133.txt,301.274183334 177.58761116 192.106160877 279.477973347 416.604699713 197.888959872 187.267123552 76.3060777469 55.0678970112 80.6445543717 63.7605837497 70.0670579388 60.6986531273 67.4606950805
file_219.txt,1365.8020795 1765.92713498 922.149702541 2244.46217162 1096.9944873 2037.91045731 1165.659944 202.000983488 127.683969729 114.347172646 160.296073731 122.114641706 150.934439279 171.176285908
file_105.txt,130.936409101 88.5501995297 78.0655340731 160.413526411 212.244448002 212.517470699 127.554671959 92.4218135792 52.5403652424 46.0606428038 59.690674388 56.8264001261 61.5426319039 74.4192572494
file_209.txt,587.869794978 413.42139994 243.420976318 329.750642309 278.898691883 421.257734191 73.4099633218 96.5894163136 68.7289775083 58.0902301582 74.0740170406 58.0242652277 70.9483187006 108.532647972
file_143.txt,350.447758106 234.251886917 111.265547732 60.2726875829 362.92354424 401.806522867 357.258917642 71.485659507 53.0436387959 45.5658386846 84.4810835017 53.8954658512 56.7769377732 65.3840544348
file_74.txt,561.878858333 544.303204432 258.569704255 1475.33589717 715.552652241 1820.04500955 852.532973132 99.6841034064 102.883313566 74.465252885 122.623962298 113.171521436 100.31792803 107.282974723
file_199.txt,258.160355471 420.379768708 191.583342316 339.099755912 258.987142402 279.74811972 321.667810059 91.1738765069 78.5363426255 69.1860762439 89.8572065106 85.231438261 86.7947021216 79.4738811373
file_180.txt,354.602930872 179.898839338 398.953685906 376.147122804 395.209829363 169.868890502 492.710030206 83.646820304 63.3578124531 65.2103143172 77.817436974 66.7013986887 64.8225746501 77.6422041823
file_85.txt,996.08017706 796.565411242 1286.98658023 442.649876726 1199.07401087 406.076739577 1300.59326268 95.8121473152 81.3267039902 87.8370517148 85.7512609904 76.7645921276 73.0418197894 96.9182714926
file_80.txt,653.543584321 883.275721687 436.837559026 1159.09248788 427.50985241 605.784328312 903.519652065 116.210050096 136.282870032 90.2297949465 142.143209481 97.5247267669 104.093840478 120.945672461
file_24.txt,60.867409854 62.3449707416 33.4175264382 89.9607521856 57.619605193 913.955469467 116.035314368 48.1800104211 37.2543102132 36.9541332265 51.2195117962 48.8751454558 113.248092305 60.4129967046
file_4.txt,1103.01527991 597.239476248 635.312608762 1428.55525034 838.085491241 997.997940081 852.4007545 139.177580659 98.0169738547 97.337705282 130.333513602 99.3502131819 148.148699211 123.055564039
file_64.txt,386.357277029 354.31099889 259.616482812 358.541894957 208.182841634 425.052288175 496.876911396 99.4143767528 80.5371784914 68.6825361524 116.797915866 65.0442069487 79.4764423574 91.8645734529
file_82.txt,370.703258925 1904.98749364 369.178155893 3851.33847105 235.285142207 140.676242294 218.145527874 81.4045460029 110.176605858 68.0200913849 130.369211096 68.5356676132 60.4497620446 65.7880010889
file_129.txt,326.047961919 132.669574413 253.627053455 526.242271113 246.970382942 338.525561922 447.595810045 88.4055348226 116.800032245 67.4396054034 92.0662888182 71.0199452597 81.8471808074 87.676669064
file_62.txt,58.1791824841 47.3077707859 41.9291044466 92.1855924413 49.3873689608 36.2506451811 48.7442151753 60.66691572 36.3890648713 31.5436359996 43.6831743886 34.0895928375 34.4069864742 43.8599009481
file_203.txt,1674.03055967 905.650489963 1459.08593414 1257.58894041 1158.19791748 1042.02452121 1204.79685038 128.185556559 103.751808998 117.681333001 112.073229655 122.065372117 114.086814959 119.608456803
file_212.txt,240.754427407 27.6888979792 121.163052393 196.742264817 114.863076177 101.728176007 172.17978426 63.5237854588 64.5247156479 49.6848654329 66.1076724319 60.4865871064 62.0459536554 62.4389393782
file_168.txt,1279.81633789 550.603799474 404.346741647 1183.69636692 1100.14973002 1247.27264749 641.942344065 171.28572409 96.3513859473 87.4913312552 122.948605077 108.633029044 123.377170313 153.861963326
file_2.txt,130.822066955 108.800637341 89.9088699354 434.633360101 87.996397256 130.934191175 90.2622430906 64.0995514401 57.7673687042 47.8937232334 73.1481740347 55.3761951478 57.0868898304 53.1702992878
file_33.txt,273.920221162 256.605048737 194.358348175 376.182760005 228.119926605 202.899184687 198.479085968 85.2620117526 68.3089383847 57.5600328335 75.2997445191 65.8749165441 63.170098838 67.8026691131
file_0.txt,831.918472666 487.997017201 146.460992315 477.987730651 513.72583888 215.159442391 510.290336641 89.319257999 77.2473972238 125.106043103 82.6917673893 82.290720885 73.6608416144 90.5359174383
file_236.txt,500.49725018 396.108360498 351.867030175 791.226344387 386.579801097 331.37372521 361.676736436 102.859997951 81.4556855696 80.2830484265 105.134288485 79.4955939168 76.0770259368 90.3336108413
file_181.txt,343.671215456 182.767630956 270.908413689 119.852544821 156.787446632 192.591357196 333.963007029 66.2241997711 49.8935456557 49.814083394 58.0611425805 46.5471639567 50.419812001 60.6696848259
file_75.txt,126.159126326 90.2527454144 77.5730830291 206.778031293 117.731775743 103.243926029 79.6654284439 63.0356449742 51.331932658 45.6159241509 59.2344482779 62.0714910865 53.5356037387 51.9608319381
file_34.txt,606.137872339 120.479771485 208.155396754 288.400601779 220.649902899 302.36637371 223.329040277 159.811766752 72.9733680898 67.5451635842 86.0810563119 68.0049485317 83.3631504216 101.644617749
file_193.txt,300.826487279 498.466374831 438.05922046 453.641095813 267.754693296 306.511728571 200.062277203 90.6465216235 89.7958870775 85.6277524988 98.9547549669 110.708064406 80.963933419 84.7412854479
file_6.txt,482.42616649 529.674852891 384.139956798 665.165053759 407.221593945 447.451081599 236.782636849 95.9397533609 89.1827755566 85.355795931 105.516244768 112.638686311 88.1745631127 87.4570614917
file_186.txt,113.549132759 119.910832863 112.745220792 95.793114184 251.113098878 122.92924667 95.0547325781 70.3175941617 58.2762025966 55.0004660062 77.6955160799 56.8529010588 60.6557731052 61.6677265664
file_223.txt,628.336252865 438.319992043 161.947187671 1070.91946558 246.623848415 513.127552311 495.051759188 93.6520397986 89.7754016744 64.0311411996 114.813724305 78.0714613062 88.0322731308 89.7157507473
file_113.txt,631.988655307 904.856664714 289.228264057 1112.03452686 451.063371274 432.011761344 402.093955298 123.491606186 82.9718149862 67.4810176199 97.8934391437 68.8991160631 71.0833309511 106.44956998
file_202.txt,137.115327132 293.804274604 161.210682984 249.782218895 297.475914442 180.52189326 208.922377941 90.9744663018 78.2306031373 64.6838472042 90.6242895401 86.9558180655 88.7329712377 102.830460792
file_118.txt,651.661029361 435.469181921 1334.64924179 709.355888866 293.851266669 3585.41848789 845.586288216 109.347302514 92.5281679153 105.920773645 96.3469291758 96.2099663855 149.166121959 103.724755375
file_122.txt,91.1005957362 92.8395030067 47.8092905606 42.1078963336 75.794500605 65.6332721843 142.280533855 52.4514444726 47.37786832 37.2170204483 52.1383711626 41.7834041169 41.0893769871 54.2478784056
file_145.txt,593.716822708 358.487048648 328.984966365 740.92638993 333.640155191 207.000404685 789.662542069 113.220912837 95.2836366116 67.4961416144 98.9447275264 70.5031204507 74.6006221754 120.298834758
file_205.txt,545.656798768 646.694966969 179.332483481 415.543474951 803.336028142 482.221193114 548.193566651 97.7015871941 87.74218382 126.223495271 81.6726899401 100.442646754 84.5358520234 102.188478252
file_208.txt,760.367663119 1361.90504707 1696.68493084 5275.38498502 2046.41618987 2343.60139252 435.553552573 130.403909488 141.595461218 125.76466084 201.089771665 127.736235106 146.411014941 106.607237314
file_70.txt,312.841194883 306.356276458 308.852726179 230.674847513 180.738381843 232.716598524 319.318756393 81.8647409863 65.3565173691 70.7693771837 66.882200133 86.6690057961 68.0834262195 79.0881472561
file_159.txt,756.551731629 794.067541308 279.514287877 595.100289248 487.271740557 514.33038296 659.524148119 124.973398408 131.909867267 85.3260167091 118.09302503 100.157364357 113.018824067 122.077359107
file_235.txt,572.107403037 752.443627997 549.168581629 647.641235458 395.819113519 1140.16865877 504.899282489 118.984481558 94.4098628116 83.868796446 116.312199788 87.9944131725 109.187620599 123.928251465
file_229.txt,976.369039405 630.703865745 1021.63898653 1283.53329694 239.136883829 717.20263761 543.069086417 124.649455975 103.454066 114.435840425 128.423598986 130.876777985 114.493844522 102.50788321
file_142.txt,355.424514463 610.965298245 488.759123977 1291.15652569 505.936413925 249.117066835 537.720246477 98.8888121692 135.792954986 94.9033942379 141.251319605 100.86033394 89.485414253 96.3201710787
file_28.txt,149.421979799 255.088913421 161.655332607 478.758051883 198.257371827 233.39035183 113.768963354 82.8597025413 78.7313340109 67.1089186509 92.9454750595 72.4057904615 82.490230381 78.7913376111
file_10.txt,183.506879823 122.807072457 155.841312796 271.812343113 181.002459923 73.7614488174 32.0699682958 65.7371925136 64.0694792046 56.5974725706 56.7860431127 80.7761990358 41.1985758393 47.9314167174
file_246.txt,788.300181947 424.571551229 298.669971215 901.766865634 327.470225803 464.84876806 521.882042283 118.100421235 79.1653433774 67.4491873699 120.458670455 72.8110425129 80.9730139577 100.61677557
file_37.txt,1256.46373737 103.986726661 276.052003133 125.439417368 333.59746317 234.595236079 705.264966305 132.562700509 102.600927053 97.3869808627 91.8287687409 97.2213757262 104.187226536 117.084659263
file_110.txt,113.328131531 89.8810472138 79.4073806794 203.766758259 96.8790910633 167.207496668 129.927896467 60.631245435 47.5621957746 46.7609649959 59.2181076065 50.5633666001 61.9408488026 59.2436129243
file_128.txt,1442.57298581 1069.78094239 373.755349272 1268.97127289 1029.08661146 687.698047496 1159.4225 126.394318125 97.9491519239 131.903530389 119.987974062 124.499141032 108.961150212 122.158774558
file_87.txt,265.302856177 231.538800469 231.757535368 338.711933226 372.059016893 275.109429575 292.217282437 72.169085616 70.0538420296 57.7196896157 80.3191288428 70.7760981928 68.0535766088 75.3971082169
file_153.txt,256.888395139 281.764766881 228.592364657 416.061308671 690.578203232 480.68333351 211.98365438 103.665768063 71.3625475539 72.0707610721 80.9021354992 78.5221544027 72.9095614777 114.510258695
file_195.txt,177.984214142 222.308911587 156.874346762 495.817726081 565.62379482 862.642552441 200.808340081 104.130328816 146.325074277 87.7807310458 147.301969429 128.305617721 145.853198071 104.782277311
file_54.txt,1103.88529742 843.41493447 182.983792357 1258.16469818 991.394186113 1185.66000089 1221.9757739 137.390598722 103.785233481 151.090934145 120.23984051 117.520574947 120.688306169 130.066588995
file_13.txt,323.811978184 396.214465422 723.057000548 342.622576762 450.396637796 349.066656468 115.554601547 102.631326788 76.7401959443 75.6766649858 86.5859375259 78.9427800104 89.1905454532 113.815476411
file_52.txt,779.738918194 515.375928886 804.792341381 665.050091338 1016.41987812 696.454639578 1049.62969837 106.447944346 91.4052852364 103.61259948 88.2288325221 111.101842307 90.0473703128 110.705772223
file_3.txt,566.550937448 319.94268507 397.418670003 681.463263779 358.596272591 1155.83451353 659.792959952 106.792821638 80.1068353249 77.250387847 96.259543398 78.6046000784 148.537042103 94.7389380153
file_63.txt,240.293749451 135.269205803 156.740694118 157.77824978 165.8100831 652.871226658 235.514493311 72.4945073485 50.6131231268 51.3696879227 57.7762518649 53.5299596524 95.1683939746 67.4767625353
file_166.txt,743.326117052 636.268080561 547.528871001 1176.7704948 417.751043876 811.629320623 717.372238383 111.58892267 125.420804585 83.6750376006 117.668357011 85.9312582042 108.62236634 105.865974265
file_65.txt,292.351480624 108.564682266 103.211753109 265.566002681 150.229583196 259.674042282 146.67827042 74.9571032648 72.5002658952 46.964583748 70.7285298004 61.9048507914 70.9746965843 67.7924254004
file_240.txt,477.94133525 331.715049832 513.707675279 518.076007834 524.096234396 642.717557429 519.474523357 95.1020713015 77.2044950727 79.7340567903 88.1573092895 81.3137269728 107.454081521 93.041591525
file_148.txt,372.287600967 100.554908652 370.200965859 279.695863278 53.6259787786 242.560498304 150.04392619 92.1948419638 58.200997576 87.1826312045 80.9251997187 101.415108403 79.1340045103 75.8736085125
file_147.txt,304.18898612 182.850784224 189.373312127 239.136155137 141.460939553 185.933520489 177.535453777 93.3349274639 68.5980540777 60.5693041177 77.0877698379 58.6003282028 68.2942870252 81.4482257876
file_247.txt,1191.01076802 1199.95216916 679.170634382 1925.03780849 1589.14588365 1375.8921974 1115.98059227 157.113664056 124.405672064 152.180058405 160.43580983 151.375867887 131.083586353 132.034801537
file_141.txt,305.846087397 382.464455443 313.075162135 304.326478366 310.764503932 211.104995923 313.405738465 91.0479798173 81.821821268 73.6029501504 94.0585125367 76.9487507618 76.8571431858 81.8619392476
file_230.txt,806.359168316 363.12412798 190.482814509 431.194997093 207.01797208 712.564340325 395.121027218 99.4393802377 78.0515856437 78.0518746318 83.3363227195 61.250069805 70.2634660441 80.3325386474
file_76.txt,108.753748834 57.630407015 51.7091218434 113.422946275 59.2656504438 84.593700438 91.0267020541 59.0150545337 50.6640123211 38.8491003833 51.6520182344 44.2004003167 54.4844667786 55.8264316851
file_41.txt,858.295897178 2136.12208939 782.592172803 1464.82297415 1792.57713509 1652.11676807 1087.28044975 118.092763707 133.687440359 98.4784616174 172.880375271 124.550159901 116.563426793 118.359731046
file_233.txt,647.360435818 410.762736044 667.135285164 460.34850661 692.042542958 900.97316835 403.568329978 96.9332571943 84.4443565224 88.9962910689 86.9646587183 91.5956382898 117.415186767 88.6800244246
file_119.txt,1516.95607506 50.3677346311 550.896524324 362.372716335 626.281690426 745.394559072 1156.8292582 69.3775145469 50.6661177441 57.5388132245 57.2533942892 62.18798647 76.139379519 93.2281857417
file_114.txt,755.510792778 619.585324556 761.199469026 501.406052131 352.228655949 183.016182866 107.749595741 101.659026394 89.7544610973 88.6766187526 91.6374549399 72.8260810657 87.5653772141 140.801822842
file_39.txt,1445.28323834 317.432516077 510.706586674 585.173551852 399.640211086 681.33497703 1101.85229281 149.286108089 84.3553663158 100.347123755 107.415500037 90.65883895 110.77528261 128.872051756
file_177.txt,535.492379284 419.909256219 335.32177035 502.736202294 415.815475563 310.08921378 314.793558153 100.313227702 74.0633870542 88.1493445327 89.3956754901 80.1138711329 77.7072997515 83.5856265511
file_213.txt,102.053878165 52.8706179897 90.0308194712 71.642750124 151.693191481 115.15854235 58.4867694632 65.5881582315 58.940247584 52.6870353276 57.9532551801 82.8336396004 80.39516467 56.1592896204
file_7.txt,215.953140662 241.097356656 539.146870478 1042.24339523 581.075055282 524.663207641 346.901367339 83.5413535028 66.2776114991 99.7701002809 103.595380762 73.6585286955 81.8987430422 74.1766796585
file_25.txt,5408.38230872 81.5210893711 310.52071054 384.226254071 93.6212969476 1935.90218705 303.484287887 124.544228618 51.9794872761 60.9876455981 77.3121053179 49.0892147774 79.548103396 219.780174708
file_116.txt,195.543445898 153.525829254 72.6248080184 129.383152426 85.6475851734 73.8232921465 126.894888683 62.2568974522 53.9954750796 43.2077289038 53.3778487467 54.330216104 50.6363727497 59.4447995291
file_44.txt,1284.84188908 1292.71744322 1084.39381154 1031.68393669 1038.09848832 1373.22927569 829.974118612 159.618341847 125.836629525 117.743615411 142.089926567 122.045578774 144.834168489 148.673354419
file_221.txt,939.524694905 821.068806882 1022.81283916 924.89032673 558.731001564 685.502248366 984.810719511 134.942120496 105.427918083 105.536614025 118.84722917 95.4171506524 106.946282945 140.128148046
file_107.txt,282.594814478 164.413688799 288.507471168 223.456172836 143.922265133 296.216549217 218.306946722 81.2191677798 58.787472225 62.0700780939 62.7335609753 53.2288536361 159.20300358 74.0200192312
file_48.txt,990.133870624 906.154501611 464.521249463 1034.11746138 733.548186924 1019.72228999 1890.63413627 173.050744075 150.698680201 131.22061039 148.467901047 124.776383979 144.256458601 188.715073061
file_111.txt,167.389433721 79.1294644893 87.6095546599 141.265518655 98.2270974839 123.92591017 174.419432447 74.0720200845 62.7625394796 53.2568529699 63.1896503111 51.6531539214 56.3344829456 69.3221260443
file_77.txt,370.742462082 362.668933413 361.827541293 502.47542104 295.27249064 315.496937781 434.610488645 93.0189180339 80.0061534546 80.9487209018 88.0573394152 82.8967986034 80.585213915 92.2792733738
file_69.txt,230.527175598 217.162749888 207.345074252 255.096629257 161.236562382 283.817760686 192.675466677 78.3746576607 63.9987570499 61.81496087 70.8387984661 61.9446695945 114.73386063 77.1099658266
file_21.txt,579.470473942 683.108590254 281.285057456 1099.67130241 470.663139008 752.77962044 790.07249131 117.890253358 130.888611821 85.8133033183 129.971710606 107.22246923 116.479635987 128.858665638
file_200.txt,218.2605667 128.799149965 94.4110599079 260.368530651 156.339554522 135.059164312 192.905077226 77.340142369 57.6033499824 72.6740078381 67.5650633304 58.8815917047 65.7601736857 81.2647448303
file_188.txt,4533.77010945 2026.3343543 2145.53557591 3387.77204979 2033.33932869 1782.43874499 3431.39150694 138.596135922 119.358335021 97.0018334427 146.792571863 93.6003450912 115.96073903 145.116207813
file_46.txt,710.53319731 170.938264129 205.240637096 578.724463962 240.986757508 377.979393194 622.714397185 101.094635895 58.7818671994 52.0212811348 79.930702156 61.166996225 64.6100911398 95.8518442688
file_15.txt,1361.87582457 539.379620298 798.485942656 704.983218623 89.3331745171 658.837278976 576.942333464 111.229955759 85.6190825875 89.6191855863 96.8233013251 125.090492382 86.8956362113 112.350407026
file_241.txt,1195.38628666 387.78570076 710.234841917 718.699512496 427.032382429 400.620147715 777.465773393 146.253332221 90.1973043767 97.1604953022 102.553346182 87.1032183577 91.8477672608 132.607800896
file_210.txt,698.480315827 1581.50296873 846.578735458 921.01902186 1464.94097189 1892.99075529 183.399905784 179.807570488 127.587507829 118.772658651 130.469843343 128.627860336 158.621906156 185.240357878
file_97.txt,276.536985338 190.795682467 60.8675161009 189.734880876 181.688027654 156.74317386 133.175996669 94.8745780665 73.6943817102 95.7329381942 63.7632044951 64.8207516239 71.2142921285 63.022206861
file_73.txt,191.809598381 1108.8819955 303.459051049 3749.86395322 1818.58499705 1198.79505001 484.511436821 93.0956886599 136.115068313 145.178667169 158.266109435 191.345133564 139.854211908 86.05212708
file_12.txt,936.926340609 734.298454328 797.635676881 1077.921682 432.915205953 596.634885487 211.521787985 121.772792106 104.20812315 87.4706003645 107.002402957 84.0995311552 98.6971002995 132.625956906
file_201.txt,149.924088058 120.932691303 407.293114857 140.225314081 116.075166481 1090.25993667 187.042646403 68.7518509281 53.7143875769 64.2951975055 56.1437709929 52.5936032019 108.109083193 73.2917208988
file_190.txt,223.399930659 269.450350058 195.749859966 416.161244155 273.809987586 273.444656099 400.059777024 127.774053655 84.7806083188 70.8734795795 100.307770123 80.9652799493 98.2813134504 120.450116102
file_231.txt,1889.76877518 113.114139748 407.146940697 301.005708691 236.618915207 757.718848991 389.276288744 154.270806272 180.188683006 113.376513415 126.830874561 93.4805614133 139.496583448 108.643546095
file_237.txt,755.189776479 281.567883007 185.771646316 2044.16045256 705.526089813 1738.00785853 1765.10992485 111.280411789 80.6307578309 72.4554765667 123.773469731 97.1118642685 110.34552798 123.633939686
file_160.txt,173.03516128 285.157399334 298.426984415 296.509851645 140.29173262 288.617406453 270.958550516 75.8924718889 84.336210941 76.0536442957 102.255230607 56.909848256 85.8588002433 87.0917477692
file_183.txt,2110.28920101 2627.15977903 1364.23714567 2864.24041932 1428.54459419 2471.7595041 2627.39069936 204.982415717 145.820915033 126.265138054 184.081088484 132.340614544 159.58215021 199.04420237
file_192.txt,1522.93259983 930.41893102 586.442917358 2885.93598467 1192.91383779 1116.83221412 1880.37254504 165.346546352 142.584563412 129.393573016 179.54802538 150.7440293 203.734270829 167.403062983
file_81.txt,797.926364662 547.370250391 519.798405637 210.732221981 688.384273088 516.623755864 442.551897696 109.863840371 109.784330589 88.3822550561 153.983741127 95.602501649 96.6846600136 101.278782617
file_198.txt,579.485523471 494.000549617 296.460751784 840.778177948 116.792174311 772.379212641 491.826812571 98.3487286793 124.009978294 68.7841279187 98.4091195463 55.7554927481 104.394349604 68.4749420607
file_67.txt,918.882281448 495.270005837 824.193845277 1198.95974721 555.993043156 745.498630017 199.000807643 134.02991969 83.915970553 92.7388661352 109.288667184 92.5187806001 103.469619285 140.941918176
file_91.txt,140.599298981 112.118726128 96.7010569537 46.9540623084 140.085355932 64.4472673434 103.233588695 68.1666620187 59.5631083392 49.7586816157 63.624619614 54.8445913139 57.7095862499 57.9587387346
file_125.txt,2452.72987619 1795.02539095 1202.91880067 3014.58648834 1114.03526566 5198.20086989 2202.80096181 181.492555508 145.628237561 119.315472268 179.793022848 121.812996168 248.640790357 181.740635804
file_197.txt,255.868660349 167.555850816 336.158999618 345.200869904 153.780300361 86.6747332707 239.07197629 74.6641921262 58.5533408445 71.7119256928 79.1780751099 53.3714104306 54.6062713137 78.962219468
file_123.txt,694.652390735 399.936459761 442.842838521 456.453398009 1075.35696085 613.089925387 588.885583329 123.897831881 93.9294957888 119.673326447 100.384398542 125.980898109 102.370569269 116.901586458
file_101.txt,1558.31778214 1220.7179687 1152.56399346 1042.78370632 785.30615388 761.064035697 1142.3597934 140.608840341 112.039984624 101.756128737 151.243286475 102.455578835 105.413438984 126.753250602
file_11.txt,1018.36753262 121.092444546 669.838288764 1521.02106975 864.778025118 935.029209213 1192.69299056 123.961039345 164.848295805 93.5234803379 138.525562355 106.482803866 118.206345005 128.315594843
file_50.txt,980.03839407 529.960221794 484.793207078 368.358786662 564.530926885 887.267619325 888.265651154 108.33511744 80.2423908454 78.3032692603 108.878831557 82.7402433109 96.4941172492 119.195152151
file_31.txt,142.491446641 92.5117729556 159.419666101 92.3851220033 93.3258088679 214.239938347 116.055175211 60.4008984813 50.3580895616 52.2052902401 48.0593717876 47.3793169756 55.6245938529 54.0136313984
file_228.txt,36.7622580877 29.986979259 29.7238699473 35.3074907937 28.507962416 24.1979805491 31.5031144987 37.589744516 30.6871260238 27.9731439579 33.6988010495 28.6825863749 29.0235969158 33.2203481739
file_106.txt,521.42934899 612.823969118 475.451172082 774.230731282 230.93750462 610.117571054 537.548501998 122.355291403 100.824360045 88.142819772 122.25024361 77.1433779237 138.915510793 115.086036585
file_135.txt,8159.71361335 27978.7902245 2033.81964274 25998.0585336 15043.254584 4187.56909767 19460.2770394 214.158640258 238.6639146 173.338074465 239.748613243 196.015852553 183.616267014 251.925304308
file_232.txt,188.138922577 501.689807647 600.646691408 503.854500436 706.749556223 806.051668151 638.20011864 160.409994507 92.2505049557 97.6722962952 111.557317249 100.947200445 107.795744343 124.33835986
file_49.txt,1100.0255442 1657.3593194 1902.52897074 983.624716243 1703.59982966 1511.86944595 840.468426013 130.652268686 131.432833835 109.747459311 151.328622167 113.115945139 129.783882968 129.165688619
file_20.txt,400.976089205 293.672147867 273.142332848 318.579215707 248.264738444 314.493088254 445.934027137 83.0355327274 67.1455443402 70.0471141107 67.8903209141 68.7801663048 62.4047175533 76.8962396147
file_61.txt,1787.43998767 1356.09361356 956.783697914 1154.86740091 880.837806037 1119.7666589 1778.7491261 171.500959625 123.227538431 111.628041321 133.210280439 109.406522965 130.284328251 169.103727244
file_140.txt,786.201801239 746.95578391 597.766432825 758.745389922 785.486470877 557.109924591 487.900058821 119.359841719 87.2199265199 82.1394615959 95.1805276343 97.004763816 87.5068733471 100.785152757
file_196.txt,1343.0990052 884.943094192 1055.07196704 1350.67274256 437.40420864 767.909612189 1397.34298757 136.278592798 116.976278009 109.276718668 136.141464666 103.789590556 106.651961062 145.720286069
file_99.txt,68.7344886217 64.4300460023 27.6556115041 133.850993028 68.9596828013 58.3417589772 110.559248039 49.3259611193 57.2833725557 33.2851408673 54.8882250582 43.7195457511 47.1317849127 51.9826788975
file_151.txt,292.28773327 203.858516411 62.1577385989 528.888927442 389.495818965 241.259252738 1081.24887073 97.0223373469 64.1259941279 56.4330349665 75.1175518018 85.7278173045 73.4382870209 125.393970774
file_9.txt,518.45080069 2112.76164299 767.568471918 4313.0763916 551.705107669 1133.70540369 1463.55991698 123.695351573 120.45195916 83.2074566076 146.600372496 93.8456787349 132.124215482 135.527984518
file_158.txt,402.55604813 970.764063204 659.054231996 403.977297028 494.387352953 662.219889413 634.966303776 118.957123445 118.272899143 101.215390958 126.132670943 103.476577078 105.988033182 136.224557871
file_100.txt,780.647083306 198.962740835 213.58055684 1248.45221591 260.592756071 106.914897772 422.281182214 65.7871866105 57.3046323848 71.4250002524 93.3699181249 65.0549643577 71.4468734249 80.3066651117
file_216.txt,6529.52243304 8666.51108477 3489.31890153 10371.2779747 3738.72554382 8943.59714227 12565.7337982 250.244823387 259.886119542 167.487400524 296.334205536 236.361070957 265.423551361 316.345761464
file_243.txt,2410.00842594 1484.15595181 2110.38659593 2430.00831999 1815.17887284 3446.78153981 2055.12535211 152.234896115 107.007640417 118.602870832 134.109895202 123.821798196 159.694297556 146.676237435
file_239.txt,80.6067127268 64.2131938592 56.0024887398 113.486204527 53.6485208197 44.625545888 48.8405641814 59.6574190584 45.8388468831 42.8922272766 48.4864336101 58.3498461956 38.8085908065 50.9214297833
file_185.txt,859.425759558 1387.98104664 803.516187806 1248.75051546 1170.31858661 840.990570626 1285.99932268 116.578885292 120.980157135 125.725851697 126.447866751 120.862821521 111.269390834 136.124127002
file_121.txt,1974.05251843 2190.15257076 2271.40336572 2777.7448171 1602.0562092 2753.71856007 1692.41835619 154.718599898 157.482929495 133.129859015 161.027122866 131.153441561 150.516896955 148.714401389
file_215.txt,906.667847028 727.140402814 435.484186546 815.926485517 637.887485821 751.518761787 1656.23053905 127.612411602 84.2947502995 76.2570019378 98.2328781416 84.6017574738 87.9835974775 127.06328314
file_32.txt,1136.6002587 727.844806693 1927.86475388 778.883230576 352.230473641 549.576267534 880.487106541 117.903113372 98.5729965427 136.698449028 103.281875304 167.770261122 89.1494105897 105.21419247
file_245.txt,174.198948224 150.409390698 105.49622187 488.885906762 154.062751887 224.377464771 116.829011214 76.1771082587 64.3470628605 54.0015540406 75.8804728381 67.2530620337 77.9442074999 60.1516843748
file_226.txt,248.266052016 288.532042904 277.560974103 411.934390271 398.150140124 456.624593618 485.771093626 80.4426955393 57.6420879637 52.4992830618 66.6267633702 57.3091536473 60.6839688715 81.4151022298
file_150.txt,492.122987563 30.7972924303 86.2644821979 53.9131969889 48.4905519408 347.8857568 68.9416538261 75.7265735955 30.0229446471 43.2301460716 38.0397931585 35.6191075295 65.972088288 55.7853296422
file_156.txt,714.764314585 235.930069832 551.955186772 1105.99466007 788.497390696 880.866451554 274.945657058 100.760386913 66.3673970263 83.7430015396 94.0174782004 94.8494219105 90.2887982274 72.8704496417
file_16.txt,158.887380139 164.000866321 257.115010131 347.277565897 228.292513744 529.086936462 794.991363821 135.401501071 60.4591754583 61.3713729198 82.2018015498 61.5980176486 84.8898535631 116.216927921
file_89.txt,217.165715612 249.993870874 149.545119202 201.157916987 190.173020847 240.164788644 268.965072246 70.9835531751 76.3220761672 55.8908501641 71.59833656 60.2942176588 72.0080967621 76.5989730696
file_83.txt,1404.42296485 1753.99664756 1346.8973766 5339.94985165 1800.75770798 2431.56363402 1901.36206004 150.848634389 163.043847292 129.261561575 188.638561341 136.630756465 158.454446165 150.120180876
file_94.txt,329.709446322 323.122468362 50.4086265121 141.017890268 324.571243708 109.175018316 401.180907446 78.6925988224 75.783543827 66.8543126789 64.2922312532 72.1870282163 59.4659501545 83.3524223958
file_126.txt,428.930398019 147.247377511 184.413159822 204.332922667 128.619186876 133.085464811 263.63842967 99.7484492414 62.2125373611 60.1363375404 68.4330862882 57.5520475723 60.1226422066 92.4849592408
file_59.txt,1403.07793632 1175.99639224 623.728796576 672.462192927 982.490379536 870.770409369 1113.1084079 143.790596224 119.827371973 105.427976195 116.049738189 96.5671675837 116.468859743 153.593188124
file_43.txt,187.211698596 72.0405192938 134.829200122 238.160180139 160.041388025 103.349778498 150.339216422 72.2539000647 58.2685428366 48.7189455487 68.9868645449 62.1641707382 49.7818138861 66.0257864212
file_45.txt,2059.51972697 1415.80816133 1210.62014146 2242.54824891 926.453875735 1750.22141341 1550.53794703 175.623170357 131.441217103 116.900313322 163.241266588 111.991369314 142.735138393 151.088340583
file_68.txt,275.328265225 271.958586155 153.736503641 308.254468981 197.231003847 182.491827479 274.865048094 67.4473200677 59.5266022857 47.0380697941 63.1486376568 54.1811392857 57.3332979806 67.7088428315
file_162.txt,280.99689174 221.993669803 308.704245515 435.428613708 374.740632138 463.433769572 190.713523762 91.4329913026 66.7895441997 61.3040106051 78.8285827135 67.6969123603 81.1959881004 80.3570825477
file_53.txt,445.105273444 656.067157058 311.440976618 442.176722072 251.314605106 443.666635314 82.1444692794 100.043787823 78.932568036 64.5957341281 83.2392836855 63.0660599596 78.4495809263 113.254535265
file_72.txt,943.976095103 371.841057463 191.354604823 375.262757433 372.589207094 192.240022974 902.608434524 121.271070728 108.85453675 67.5365754182 106.706616887 91.9152646886 83.4047902622 106.737264806
file_175.txt,766.904911433 234.64231002 508.61000393 280.236819935 141.676160608 327.102101557 414.637745942 77.2151847688 62.2679552086 67.2444212451 71.9528731162 60.9320733254 81.5181522004 73.5161256547
file_29.txt,1275.4518608 563.687271603 1417.7819265 599.99049971 124.687081238 285.488684813 344.502345084 123.468627978 89.0841987603 100.200724738 96.3864814396 104.576361477 78.0870079647 80.8216453508
file_55.txt,1185.3078 1224.82043514 1087.56114583 1863.98537339 983.666126727 1593.06346241 1153.68560211 145.055216367 119.525435781 98.8221844225 147.008570441 113.058022323 151.75082111 141.114541256
file_5.txt,363.109230606 201.393835573 180.18869138 360.85669494 112.295994457 240.85959765 199.007588399 89.4447188579 63.1436374767 62.2636446434 72.5337365881 63.9385044846 66.5475792501 76.5599504055
file_40.txt,781.633160292 798.482516247 911.099973136 1523.33114061 1017.64310708 369.742388426 979.226786511 131.00254507 111.462430894 105.037822922 136.739969899 111.789811484 168.896736991 122.075549347
file_217.txt,1252.9689692 2561.11422494 2905.01659611 1634.9579447 445.056127249 1236.49608426 1050.4225912 144.147357 129.990167115 159.224671352 132.425488134 192.553982347 124.617778888 120.828565307
file_211.txt,145.811708061 232.874979259 222.37747001 690.750046436 198.610933407 543.373896036 302.988659813 80.3656536913 85.2863210236 67.5033632093 132.621139054 69.4486976714 95.2999626382 83.1053582602
file_146.txt,54.5521393911 22.4061674688 76.6112972786 85.7488793983 27.3580982333 25.0263009558 104.603984399 66.1326125951 40.8345689014 49.7501457938 43.6923701598 38.7305543168 59.2909578204 79.0152173942
file_127.txt,178.317186683 124.363105137 123.655503496 68.7906087179 117.20514237 211.400247165 176.92649274 67.3408638728 51.4829668059 47.5421544368 85.372815962 48.5671436708 59.0496085106 62.564508708
file_169.txt,815.685044725 651.67947055 487.174018493 612.255923567 1147.46803093 496.445198475 868.140919382 125.661916172 94.4264298324 105.073546578 96.815376839 107.483158584 92.4772204258 117.648831557
file_78.txt,468.318201353 378.938454923 336.63549344 632.879696675 330.726389488 341.575112726 293.029262436 82.0807521634 72.6527090399 81.38598011 86.5748921862 70.0468106483 69.8044767364 73.0522089012
file_95.txt,50.0882487198 56.2953750301 81.0555285786 42.4904568055 45.2346939514 38.2712844861 40.6163198406 46.7745033239 40.9153592898 40.9369697571 37.9433083929 37.156456038 43.8986591788 46.0285372863
file_154.txt,493.612598849 307.315348455 354.355227331 505.753492621 424.915570585 395.392740478 420.923221008 116.734324031 77.0141461552 80.6592010094 93.268693739 79.5074209074 81.0482790781 129.970890285
file_207.txt,1804.43943579 3079.63130472 1197.12502363 4494.17706034 1594.8252495 2631.13421199 1682.23836244 142.192631732 128.94263681 103.004359261 174.519997393 138.144169838 134.868506524 144.198958994
file_189.txt,517.881012265 326.266035583 278.549687993 414.526812222 265.540885452 362.711665166 461.773642282 141.996819 73.0392825655 69.5695540988 86.954192009 70.9595422677 81.8050783338 109.30911451
file_120.txt,132.74523267 162.799954107 154.43664489 311.472516871 282.903229266 55.5641314933 197.302033211 129.519076004 55.1973334074 53.8728549403 72.315916264 63.3357381866 82.3549521219 77.1506267521
file_244.txt,997.236899534 797.274715801 1066.10293865 579.30457611 661.214195032 1566.23028001 1150.34651954 128.405935155 97.6540664443 100.47019032 104.419099778 138.329349665 127.526819035 111.74287044
file_138.txt,215.242799717 513.193604009 319.448628042 742.862484891 446.180719226 405.309541772 439.371883447 88.58909437 96.5539869544 78.2380564443 110.941583614 79.7989844562 86.5590432381 95.5455266605
file_115.txt,280.373425319 703.208015101 831.63584585 1110.71828076 1492.69977556 282.343490502 355.361922804 81.942409039 91.7199533627 86.5775053146 102.745890057 108.631999821 69.2285976282 76.5707123699
file_176.txt,1475.81694416 2182.75856093 1130.63123946 1659.25032453 354.498481101 565.449502958 1734.53268603 140.821521727 130.161766561 111.304466157 138.400281132 93.212824308 105.332121096 161.641572515
file_218.txt,270.824239539 474.589592799 523.331275931 659.919200105 383.515375523 948.194697773 1089.47343751 149.674440263 78.323940104 81.7488409187 101.90986423 76.341568785 105.01454478 129.757763663
file_179.txt,984.914109014 516.515857962 620.555692339 607.639376481 478.931262936 534.660590128 147.227438064 130.991213775 90.8270270833 88.6942218759 96.8408483361 86.4335305613 90.3054571856 155.222674697
file_23.txt,1743.09351825 609.794704769 994.062933019 862.447164396 586.829476766 544.233710483 643.958642883 135.368666733 114.272406805 98.0941201316 117.34311979 96.1112326666 101.055618858 108.929140739
file_47.txt,317.639863643 412.773773563 257.323437223 163.398762524 238.650979972 168.073534408 508.552181597 101.272950518 73.3438571156 60.4478045247 78.9748922607 63.4299673527 65.4316663549 89.7029769245
file_17.txt,189.187491043 160.756612696 124.660169623 252.250090018 150.136301711 162.097672892 160.560063101 76.5299938757 54.7250687976 52.2770221975 67.4436914329 53.7341539721 61.4177314754 71.8559733922
file_18.txt,91.9025259125 71.0819476076 239.743300966 161.941937221 328.65063225 77.0874443319 170.805813148 56.2689086018 46.7067616903 50.6469054887 52.6370182036 59.8511239701 46.6994164579 68.9073965711
file_71.txt,24753.1680946 531.255538634 4446.45726255 95.8847937717 2441.97256805 1738.24704612 34628.8543671 430.356647567 99.7146623864 248.923776019 659.938096621 300.673701473 134.852897467 341.863631195
file_214.txt,137.771351732 235.766221665 194.660719172 138.103058491 150.701395101 125.298588875 110.800981576 64.2168476862 65.5937745768 52.9529489515 59.7680527407 51.5589591834 49.4014194178 59.0145105203
file_220.txt,258.08839854 167.989843024 152.05465384 170.116544482 218.957038513 192.092838464 199.097534148 72.2476188999 54.0882917259 53.8175841475 58.2483483798 76.1314147502 56.7703547653 67.2507048482
file_178.txt,287.362718273 214.605829431 275.388967488 404.281187886 318.976917474 253.961635278 288.154633057 86.8587873599 71.1273664747 64.2627252726 90.1847708081 66.615495574 72.5340172335 78.6402867365
file_60.txt,1205.58303646 1396.0617704 916.023108966 1683.13902175 943.834096982 1483.59664167 1676.46277485 175.012169846 123.958957404 116.772970136 148.270791355 118.509464049 133.423617482 172.70737245
file_249.txt,962.380801735 546.008436486 2112.44763975 1479.3918428 1501.40070204 1981.00463526 2169.72942675 104.393754202 86.8117856105 96.5141444477 95.4279954021 105.602150391 96.8239032304 111.22719687
file_137.txt,153.086309688 69.4335463915 121.914484239 169.320853433 128.664165394 122.370900138 130.421580461 67.8164961839 71.6985812941 51.7672002548 65.6782869287 53.9953114473 61.9914632157 67.521525802
file_8.txt,646.814784224 678.399069834 763.716040416 1559.58140748 755.324312056 756.29622397 300.828084683 128.411818268 104.739321002 98.2226456728 127.643407401 134.215518359 100.114353085 101.148857503
file_184.txt,969.743091228 258.106184129 434.647462267 451.211372973 252.268376813 422.820385154 504.118680677 118.849222692 70.8799368699 85.6298611816 85.9852613632 102.505604849 85.1329760485 106.841627159
file_98.txt,105.653774987 67.4513777072 98.4034290495 161.097327341 124.741775815 96.0027563721 130.872464115 72.2194879535 44.8041695908 43.2502842786 54.3588763572 45.7582648022 50.3733870069 65.1422244501
file_222.txt,1366.75082149 670.180353206 3160.59416977 1647.44755164 1328.39875873 2481.08229674 1132.73603352 163.936206977 120.740912643 142.962840482 148.052519273 130.81187994 172.386388273 127.573735801
file_224.txt,2335.50189146 1289.90931111 985.611670108 1688.09704569 1185.73079105 1634.16575425 2135.30071948 176.36633008 125.36499427 107.58421291 143.945868728 117.123757511 133.642417767 162.873117768
file_173.txt,274.868214353 152.59336809 197.574559885 138.121149607 177.914155456 259.068773885 239.176724865 84.2456922606 54.0460869079 53.2307931665 59.8074830052 58.3101848112 64.0241704954 75.3021700335
file_104.txt,729.338480858 359.368482603 352.959154602 627.663021888 155.492432459 163.708268877 947.044154658 140.33587379 72.4667551872 73.0531332898 85.7893227731 62.8953915789 102.951772014 107.86523414
file_152.txt,337.457998965 380.76510496 198.009824688 170.45160746 347.208416038 838.008520803 306.700964329 90.707474763 71.7460841516 57.84195072 71.2337817607 71.5812281196 94.7972997115 80.4128115931
file_194.txt,1154.24909108 866.904163376 557.2441514 932.159328783 704.437285997 1041.0241498 343.768027749 122.394993825 97.8736762859 86.6092043566 126.624696282 93.6180738792 97.0824019966 98.0487148995
file_57.txt,191.309057849 193.589172735 312.228412677 272.728285183 240.266386685 282.790593758 355.591675094 68.7363970791 71.5224177748 61.9259080118 87.4903532005 67.2171242431 68.3397025514 71.4043330429
file_92.txt,317.11669806 390.986179924 340.882311623 248.802808072 313.476630332 313.430660349 315.193584662 103.393908088 70.7552588852 69.1078394976 71.8528351294 68.4207368685 66.5858091947 82.5478205301
file_157.txt,289.886193572 63.4292290025 73.5501017976 147.379865127 194.417894825 236.174592289 138.527996769 63.2900934452 47.1679151372 40.388694583 60.7772727386 50.9209780838 57.2259674362 59.7809554255
file_170.txt,1454.32824518 863.401096742 1393.55529183 1161.5981052 1436.27508363 1175.51095374 760.63661331 152.093358869 116.920541334 113.092633573 142.621871006 118.058095935 131.828920166 125.333593579
file_155.txt,106.63309243 119.812107672 262.971348799 646.835493852 342.882514883 311.34231227 279.402630232 120.390208282 62.6093130229 79.487044575 98.4355336043 73.8022693674 72.6782903387 94.8621145472
file_14.txt,683.529883674 598.631900389 373.155796474 311.616378097 301.960157717 563.244599876 763.655369067 128.991082706 107.618428402 81.4189486368 176.596935823 83.497153773 124.90762381 137.433173918
file_242.txt,343.16337654 653.609182359 498.365853632 835.908502729 283.726016768 434.93441286 241.428466873 98.4090891634 91.1147921049 87.5838293308 96.6508542304 130.653630147 83.1971778841 77.3500732566
file_102.txt,294.694468101 284.801135186 93.1796550135 404.103642037 339.440411176 236.476775511 233.232560561 91.8150376273 79.7765854545 98.7373898196 88.5722898783 85.8051671568 76.4700180205 81.119157037
file_165.txt,84.8181531336 60.2088791283 78.7714334386 46.7783685284 62.2386816019 76.7778670982 76.4464730044 53.3064438671 39.9897729572 40.5449118945 38.4501652901 41.0342698011 43.8333211371 47.0551642672
file_234.txt,342.786077648 244.386273941 239.351565839 404.626649647 379.694511381 191.623324816 553.286738004 124.25947476 81.8608253774 72.9926239829 102.110324377 86.6161718072 83.8786418351 129.1192562
file_136.txt,227.756411756 225.645886273 122.867515849 333.944843934 190.356652326 230.009609201 168.412718606 73.959728267 72.7172141018 44.5666528481 77.4871531322 55.3339160279 68.5880491765 68.1476210129
file_88.txt,1590.82791725 1322.5484494 1013.71460222 1308.20394352 1116.76742062 1398.73445498 1733.94583663 156.517119918 111.148186525 100.066814451 125.761616575 105.790424557 116.620564112 154.148427906
file_130.txt,475.736134568 228.812403954 195.258382566 156.900520319 194.185128842 138.055459601 315.553661172 99.1169297237 73.6856584228 61.0353039021 115.712933458 70.4553330188 66.6754260491 91.9812858806
file_22.txt,342.2411554 221.63314765 200.23392353 513.52437247 191.796574305 229.456073626 261.575130776 81.9371942108 71.5629288408 54.4686813449 96.6930437041 56.267677042 68.3868656164 73.2551994655
file_108.txt,596.773251389 754.670678101 597.401141275 792.242701612 525.201511761 519.487683867 499.348304286 111.967937841 89.3398159323 93.5696257955 98.7917238258 93.4895890866 85.9542183041 97.0269716294
file_227.txt,520.249925387 557.018183283 439.107624151 348.430226674 490.196530178 638.319376954 489.821832023 103.744517392 85.3166060788 78.9880913834 81.7698264145 74.000399843 145.242788556 94.8943258687
file_182.txt,697.399369068 332.410719084 725.965224503 254.411714646 603.051524387 350.841071589 767.91324286 149.21679573 102.108279733 102.591919333 112.952029487 114.396591046 111.255756207 123.58042243
